Description,,Summary Amt.
Beginning balance as of 07/30/2026,,"998.86"
Total credits,,"53,839.39"
Total debits,,"0.00"
Ending balance as of 08/27/2026,,"54,838.25"

Date,Description,Amount,Running Bal.
07/30/2026,Beginning balance as of 07/30/2026,,"998.86"
07/31/2026,"Online Banking transfer from CHK 7632 Confirmation# 1352632314","45,000.00","45,998.86"
08/11/2026,"BKOFAMERICA MOBILE 08/11 3721617761 DEPOSIT *MOBILE CA","39.00","46,037.86"
08/17/2026,"BKOFAMERICA ATM 08/15 #000003311 DEPOSIT COLLEGE HEIGHTS BAKERSFIELD CA","8,800.00","54,837.86"
08/19/2026,"KEEPTHECHANGE CREDIT FROM ACCT7632 EFFECTIVE 08/18","0.01","54,837.87"
08/27/2026,"Interest Earned","0.38","54,838.25"
